Business_Year,Business_Month,Inward_No,Entry_Date,IRSS_Branch,FDO_Code,Agent_Code,customer_status,Customer_Name,Co__Name,Sector,Insurance_Type,CODE_Type,IMD_Code___Name,Company_Branch_Name,Main_Product,Product_Name,Sub_Product_Name,producttype,Policy_Type,terrorism,Policy_NO,Policy_Issue_Date,Policy_Tenure,OD_Policy_Start_Date,OD_Policy_End_Date,TP_Tenure,TP_Start_Date,TP_End_Date,Registration_No,Engine_No,Chasis_No,Make,Model,Variant,Manufacturing__Year,Seating_Capacity,Fuel_Type,Total_IDV,CC / GVW,Discount,NCB,OD,ADD_ON,TOTAL OD,TP/TERRORISM,NET_PREMIUM,GST_,GstValue,GROSS_PREMIUM,Payment_Type,occupancies,Bank_Name,Account_No,ChequeNo,ChequeDate,Amount,Bank_Name_2,Account_No_2,ChequeNo_2,ChequeDate_2,Amount_2,Outward_GeneratedDt,previouspolicyno,Renewalpreviouspolicyno,Remark,proposaldob,proposalage
2022,22-Nov,AM2453,11/5/2022,SURAT,JC,JC51F,0,SUMITI SUMIT TALWAR,Future Generali India Insurance Company Limited,Private,General Insurance,AGENCY,60094756 - SHEFALI RANA,Surat,MOTOR,PRIVATE CAR,ADD-ON,,F,,,,ONE,,,,,,GJ05RM1455,K12MP4092320,MBHEWB22SLK549809,MARUTI,BALENO,ZETA,2020,5,PETROL,467868,1197,70,25,4478,2390,6868,0,6868,,1236,8104,ONLINE,,,,111111,11/5/2022,8104,,,,,,,,,,,0
2022,22-Nov,AM2454,11/5/2022,SURAT,JC,JC43G,0,PARASHURAM GANGAPRASAD PRAJAPATI,Tata AIG General Insurance Company Limited,Private,General Insurance,AGENCY,AIG2125340000 - SORATHIA DEVDEEPKUMAR VINODCHANDRA,Surat,MOTOR,PRIVATE CAR,ADD-ON,,F,,,,ONE,,,,,,GJ05JN8846,G12BN422902,MA3ERLF1S00446325,MARUTI,EECO,STR WITH A/C,2016,5,PETROL,185000,1196,80,35,1065,2453,3518,4151,7669,,1380,9050,ONLINE,,,,111111,11/5/2022,9050,,,,,,,,,,,0
2022,22-Nov,AM2455,11/5/2022,SURAT,TF,TF17A,0,ALPESH TANAWALA,Bajaj Allianz General Insurance Company Limited,Private,General Insurance,AGENCY,22060022 - RISHAD BHIMANI,Surat,MOTOR,PRIVATE CAR,ADD-ON,,F,,,,ONE,,,,,,GJ05JQ2369,B4AA400E077188,MEEBBA005G637,RENAULT,KWID,RXT,2016,5,PETROL,161170,799,35,0,4015,2035,6050,2725,8775,,1580,10354,ONLINE,,,,111111,11/5/2022,10354,,,,,,,,,,,0
2022,22-Nov,AM2456,11/5/2022,SURAT,VS,VS17A,0,PRAVINSINH KANAKSINH KHER,Tata AIG General Insurance Company Limited,Private,General Insurance,AGENCY,AIG2125340000 - SORATHIA DEVDEEPKUMAR VINODCHANDRA,Surat,MOTOR,PRIVATE CAR,ADD-ON,,R,,,,ONE,,,,,,GJ19AM6946,N7299544,C63SJG228947,MARUTI,SWIFT,VXI AMT,2018,5,PETROL,359000,1197,67,0,5040,5638,10678,4151,14829,,2669,17498,ONLINE,,,,111111,11/5/2022,17498,,,,,,,,3101593382 00 00,,,0
2022,22-Nov,AM2457,11/5/2022,SURAT,VK,VK09A,0,GAUTAM C KATRODIYA,Liberty General Insurance Limited,Private,General Insurance,AGENCY,IMD1262675 - DARSHANKUMAR BHARATBHAI PATEL,Surat,MOTOR,PRIVATE CAR,ADD-ON,,R,,,,ONE,,,,,,GJ05JS0235,E119550,MDHFBACD0GA321183,DATSUN,REDI GO,(O)/Hatch,2017,5,PETROL,188325,799,65,20,1682,2948,4630,2769,7399,,1332,8731,ONLINE,,,,111111,11/5/2022,8731,,,,,,,,2.011400202217E+23',,,0
2022,22-Nov,AM2458,11/5/2022,SURAT,CF,CF20A,0,PINKYBEN HARISHBHAI PARMAR,Tata AIG General Insurance Company Limited,Private,General Insurance,AGENCY,AIG2125340000 - SORATHIA DEVDEEPKUMAR VINODCHANDRA,Surat,MOTOR,PRIVATE CAR,ADD-ON,,R,,,,ONE,,,,,,GJ05JN1027,G12BN409386,MA3ERLF1S00432494,MARUTI,EECO,STR WITH,2015,5,PETROL,148500,1196,75,50,622,2754,3376,4091,7467,,1344,8811,ONLINE,,,,111111,11/5/2022,8811,,,,,,,,3101606899 00 00,,,0
2022,22-Nov,AM2459,11/5/2022,SURAT,JC,JC98G,0,DINESHBHAI HARDASBHAI JODHANI,Tata AIG General Insurance Company Limited,Private,General Insurance,AGENCY,AIG2125340000 - SORATHIA DEVDEEPKUMAR VINODCHANDRA,Surat,MOTOR,PRIVATE CAR,ADD-ON,,R,,,,ONE,,,,,,GJ05JN1248,2660235,102252,MARUTI,BALENO,ALPHA,2015,5,DIESEL,320300,1197,73,50,1448,3485,4933,4091,9024,,1624,10648,ONLINE,,,,111111,11/5/2022,10648,,,,,,,,M00065937-R01,,,0
2022,22-Nov,AM2460,11/5/2022,SURAT,AU,AU34A,0,JAGDISHBHAI NARSHIBHAI MANGUKIYA,Go Digit General Insurance Limited,Private,General Insurance,AGENCY,1114130 - AKASH BHAGWAT,Surat,MOTOR,PRIVATE CAR,THIRD PARTY,,R,,,,ONE,,,,,,GJ05CK8956,G13BBN468806,142773,MARUTI SUZUKI,SWIFT,VXI,2008,5,PETROL,0,1197,0,0,0,0,0,4106,4106,,739,4845,ONLINE,,,,111111,11/5/2022,4845,,,,,,,,D044044449,,,0
2022,22-Nov,AM2461,11/5/2022,SURAT,GP,GP07A,0,HITESHBHAI LAVJIBHAI BARAIYA,Go Digit General Insurance Limited,Private,General Insurance,AGENCY,1114130 - AKASH BHAGWAT,Surat,MOTOR,PRIVATE CAR,THIRD PARTY,,F,,,,ONE,,,,,,GJ03CE6680,N4680904,S00856176,MARUTI SUZUKI,WAGON R,LXI (SE),2009,5,PETROL,0,1086,0,0,0,0,0,4106,4106,,739,4845,ONLINE,,,,111111,11/5/2022,4845,,,,,,,,,,,0
2022,22-Nov,AM2462,11/5/2022,SURAT,AQ,AQ36A,0,NIKITA BHARAT GOYAL,Tata AIG General Insurance Company Limited,Private,General Insurance,AGENCY,AIG2125340000 - SORATHIA DEVDEEPKUMAR VINODCHANDRA,Surat,MOTOR,PRIVATE CAR,ADD-ON,,F,,,,ONE,,,,,,GJ05RN4818,G4LFMV145856,MZBFA812LMN115766,KIA,SONET,HTE 1.2 /,2021,5,PETROL,589100,1197,75,20,3759,5726,9485,0,9485,,1707,11192,ONLINE,,,,111111,11/5/2022,11192,,,,,,,,,,,0
2022,22-Nov,AM2463,11/5/2022,SURAT,OV,OV12A,0,KASHYAP RANJITBHAI DESAI,Liberty General Insurance Limited,Private,General Insurance,AGENCY,IMD1262675 - DARSHANKUMAR BHARATBHAI PATEL,Surat,MOTOR,PRIVATE CAR,ADD-ON,,F,,,,ONE,,,,,,GJ15CG1792,L15Z15312406,MAKGM669C,HONDA,CITY,1.5,2017,5,PETROL,648000,1497,80,20,3474,9247,12721,4091,16812,,3026,19838,ONLINE,,,,111111,11/5/2022,19838,,,,,,,,,,,0
2022,22-Nov,AM2464,11/5/2022,SURAT,TC,TC25A,0,RAJESH YOGRAJ BAJAJ,HDFC Ergo General Insurance Company Limited,Private,General Insurance,AGENCY,200165226494 - BINISHA JIGNESH PATEL,Surat,MOTOR,PRIVATE CAR,COMPREHENSIVE,,F,,,,ONE,,,,,,GJ05JK3700,K24Z92200336,MAKRM482JEN200222,HONDA,CR-V-2.4,AT,2014,5,PETROL,939279,2354,69,20,8915,0,8915,8522,17437,,3139,20576,ONLINE,,,,111111,11/5/2022,20576,,,,,,,,,,,0
2022,22-Nov,AM2465,11/5/2022,SURAT,JC,JC11G,0,Himanshu Pravinbhai Paneliya,Bajaj Allianz General Insurance Company Limited,Private,General Insurance,AGENCY,22060022 - RISHAD BHIMANI,Surat,HEALTH,TRAVEL,Travel Elite Silver,,F,,,,ONE,,,,,,,,,,,,,,,50000,,,,3836,0,3836,0,3836,,690,4527,ONLINE,,,,111111,11/5/2022,4527,,,,,,,,,,12/27/1996,26
2022,22-Nov,AM2466,11/5/2022,SURAT,JC,JC11G,0,Himanshu Pravinbhai Paneliya,Bajaj Allianz General Insurance Company Limited,Private,General Insurance,AGENCY,22060022 - RISHAD BHIMANI,Surat,HEALTH,TRAVEL,Travel Elite Silver,,F,,,,ONE,,,,,,,,,,,,,,,50000,,,,3836,0,3836,0,3836,,690,4527,ONLINE,,,,111111,11/5/2022,4527,,,,,,,,,,12/27/1996,26
2022,22-Nov,AM2467,11/5/2022,SURAT,TF,TF32A,0,COZY RAJEEV BANSAL,Tata AIG General Insurance Company Limited,Private,General Insurance,AGENCY,AIG2125340000 - SORATHIA DEVDEEPKUMAR VINODCHANDRA,Surat,MOTOR,PRIVATE CAR,ADD-ON,,F,,,,ONE,,,,,,GJ05RK8542,G4LALM716805,MALB241CLLM041654,HYUNDAI,AURA,S 1.2,2020,5,PETROL,509180,1197,73,0,601,11103,11704,0,11704,,2107,13811,ONLINE,,,,111111,11/5/2022,13811,,,,,,,2311 2038 1947 0601 000,,,,0
2022,22-Nov,AM2468,11/5/2022,SURAT,AN,AN05A,0,ARVINDBHAI BABUBHAI VAGHASIYA,Reliance General Insurance Company Limited,Private,General Insurance,AGENCY,16A01472 - SHAILESH B TRIVEDI,Surat,MOTOR,PRIVATE CAR,ADD-ON,,F,,,,ONE,,,,,,GJ05RG0413,JR84268,MAJAXXMRKAJR84268,Ford,Ecosport,Titanium + 1.5l Tdci,2018,5,DIESEL,740800,1498,63,45,12448,4091,16539,0,16539,,2977,19516,ONLINE,,,,111111,11/5/2022,19516,,,,,,,,,,,0
2022,22-Nov,AM2469,11/5/2022,SURAT,JC,JC42B,1,FORCE 1 SECURITY SERVICES,Tata AIG General Insurance Company Limited,Private,General Insurance,AGENCY,AIG2125340000 - SORATHIA DEVDEEPKUMAR VINODCHANDRA,Surat,SME,LIABILITY,WORKMEN COMPENSATION (WC),,F,,,,ONE,,,,,,,,,,,,,,,443424,,,,1851,0,1851,0,1851,,333,2184,ONLINE,WC,,,111111,11/5/2022,2184,,,,,,,,,,,0
2022,22-Nov,AM2470,11/5/2022,SURAT,JC,JC42B,1,FORCE 1 SECURITY SERVICES,Future Generali India Insurance Company Limited,Private,General Insurance,AGENCY,60094756 - SHEFALI RANA,Surat,SME,LIABILITY,WORKMEN COMPENSATION (WC),,R,,,,ONE,,,,,,,,,,,,,,,896352,,,,2622,0,2622,0,2622,,472,3094,ONLINE,WC,,,111111,11/5/2022,3094,,,,,,,,L0193186,,,0
2022,22-Nov,AS3754,5/11/2022,SURAT,JC,JC73E,0,MANIAR ABDUL AHAD,SBI General Insurance Company Limited,PRIVATE,GENERAL INSURANCE,AGENCY,84625 - Ankita Rana,SURAT,SME,FIRE,BHARAT SOOKSHMA UDYAM SURAKSHA,,F,,,,ONE,,,,,,,,,,,,,,,15000000,,,,21850,0,21850,3450,25300,,4554,29854,CHEQUE,CARDBOARD MANUFACTURING,YES BANK,,269611,11/3/2022,29854,,,,,,,,,,,0
2022,22-Nov,AS3755,5/11/2022,SURAT,JC,JC73E,1,MANIAR TRADELINK LLP,SBI General Insurance Company Limited,PRIVATE,GENERAL INSURANCE,AGENCY,84625 - Ankita Rana,SURAT,SME,FIRE,BHARAT SOOKSHMA UDYAM SURAKSHA,,F,,,,ONE,,,,,,,,,,,,,,,18000000,,,,26220,0,26220,4140,30360,,5465,35825,CHEQUE,CARDBOARD MANUFACTURING,YES BANK,,269612,11/3/2022,35825,,,,,,,,,,,0
2022,22-Nov,AS3756,5/11/2022,SURAT,JC,JC73E,1,MANIAR TRADELINK LLP,SBI General Insurance Company Limited,PRIVATE,GENERAL INSURANCE,AGENCY,84625 - Ankita Rana,SURAT,SME,FIRE,BHARAT SOOKSHMA UDYAM SURAKSHA,,F,,,,ONE,,,,,,,,,,,,,,,20000000,,,,34172,0,34172,4370,38542,,6938,45480,CHEQUE,CARDBOARD MANUFACTURING,YES BANK,,269613,11/3/2022,45480,,,,,,,,,,,0
2022,22-Nov,AS3757,5/11/2022,SURAT,JC,JC73E,1,VH SHRI ENTERPRISE,ICICI Lombard General Insurance Company Limited,PRIVATE,GENERAL INSURANCE,AGENCY,ILG63176 - TEJAL VIRAL CONTRACTOR,SURAT,SME,LIABILITY,PUBLIC LIABILITY (NON INDUSTRIAL),,F,,,,ONE,,,,,,,,,,,,,,,10000000,,,,6292,0,6292,0,6292,,1133,7425,CHEQUE,PUBLIC LIABILITY INSURANCE,HDFC BANK,,49,11/4/2022,7425,,,,,,,,,,,0
2022,22-Nov,AS3758,5/11/2022,SURAT,JC,JC73E,1,VH SHRI ENTERPRISE,ICICI Lombard General Insurance Company Limited,PRIVATE,GENERAL INSURANCE,AGENCY,ILG63176 - TEJAL VIRAL CONTRACTOR,SURAT,SME,LIABILITY,PUBLIC LIABILITY (NON INDUSTRIAL),,F,,,,ONE,,,,,,,,,,,,,,,10777050,,,,6862,0,6862,0,6862,,1235,8097,CHEQUE,PUBLIC LIABILITY INSURANCE,HDFC BANK,,50,11/4/2022,8097,,,,,,,,,,,0
2022,22-Nov,AS3759,5/11/2022,SURAT,AO,AO22A,0,Anand Pandya,Bajaj Allianz General Insurance Company Limited,PRIVATE,GENERAL INSURANCE,AGENCY,22060022 - RISHAD BHIMANI,SURAT,MOTOR,TWO WHEELER,THIRD PARTY,,R,,,,ONE,,,,,,GJ05LG4475,KC12EEEGD02677,MBLKC14ABEGD01922,HERO MOTOCORP,XTREME,DISC SELF CAST,2014,2,PETROL,0,150,0,0,0,0,0,714,714,,129,842,ONLINE,,,,111111,11/5/2022,842,,,,,,,,OG-22-2203-1802-00014447,,,0
2022,22-Nov,AS3760,5/11/2022,SURAT,AL,AL45A,0,DEVANG CHAUDHARY,Go Digit General Insurance Limited,PRIVATE,GENERAL INSURANCE,AGENCY,1114130 - AKASH BHAGWAT,SURAT,MOTOR,TWO WHEELER,THIRD PARTY,,R,,,,ONE,,,,,,GJ05DG6848,495874,48482247,HONDA,ACTIVA,STD,2004,2,PETROL,0,102,0,0,0,0,0,714,714,,129,842,ONLINE,,,,111111,11/5/2022,842,,,,,,,,D048480524,,,0
2022,22-Nov,AS3761,5/11/2022,SURAT,AL,AL45A,0,DEVANG,Go Digit General Insurance Limited,PRIVATE,GENERAL INSURANCE,AGENCY,1114130 - AKASH BHAGWAT,SURAT,MOTOR,TWO WHEELER,THIRD PARTY,,R,,,,ONE,,,,,,GJ05ND1902,JF50EU3061667,ME4JF505DGU061581,HONDA,ACTIVA 125,STD BSVI,2016,2,PETROL,0,125,0,0,0,0,0,714,714,,129,842,ONLINE,,,,111111,11/5/2022,842,,,,,,,,D048481106,,,0
2022,22-Nov,AS3762,5/11/2022,SURAT,AL,AL45A,0,VISHALBHAI CHOWDHARY,Go Digit General Insurance Limited,PRIVATE,GENERAL INSURANCE,AGENCY,1114130 - AKASH BHAGWAT,SURAT,MOTOR,TWO WHEELER,THIRD PARTY,,R,,,,ONE,,,,,,GJ05GQ0534,JC44E1146546,ME4JC448AB8035641,HONDA,ACTIVA 125,STD BSVI,2011,2,PETROL,0,125,0,0,0,0,0,714,714,,129,842,ONLINE,,,,111111,11/5/2022,842,,,,,,,,D048480704,,,0
2022,22-Nov,AS3763,5/11/2022,SURAT,JC,JC38C,0,RITESHBHAI KISHORBHAI PATEL,Bajaj Allianz General Insurance Company Limited,PRIVATE,GENERAL INSURANCE,AGENCY,22060022 - RISHAD BHIMANI,SURAT,MOTOR,TWO WHEELER,ADD-ON,,F,,,,ONE,,,,,,GJ05KU0880,JF98EW0111367,ME4JF983HMW047132,HONDA,DIO,DLX BS VI,2021,2,PETROL,59150,110,40,20,761,40,801,0,801,,144,945,ONLINE,,,,111111,11/5/2022,945,,,,,,,,,,,0
2022,22-Nov,AS3764,5/11/2022,SURAT,RN,RN04A,0,SAHDEVSINGH BHAVARSINGH PALWAT,Bajaj Allianz General Insurance Company Limited,PRIVATE,GENERAL INSURANCE,AGENCY,22060022 - RISHAD BHIMANI,SURAT,MOTOR,TWO WHEELER,COMPREHENSIVE,,F,,,,ONE,,,,,,GJ05SB2238,HA11EPJ5B00659,MBLHAR056J5B00790,HERO MOTOCORP,HF DELUXE,SELF START DRUM BRAKE CAST WHEEL,2018,2,PETROL,25600,100,40,0,564,0,564,1045,1609,,290,1899,ONLINE,,,,111111,11/5/2022,1899,,,,,,,,,,,0
2022,22-Nov,AS3765,5/11/2022,SURAT,SF,SF72A,0,KRISHNA HIMMATRAO KANADAJE,Bajaj Allianz General Insurance Company Limited,PRIVATE,GENERAL INSURANCE,AGENCY,22060022 - RISHAD BHIMANI,SURAT,MOTOR,TWO WHEELER,ADD-ON,,F,,,,ONE,,,,,,GJ19BC8884,JC85EG0008500,ME4JC852BLG003384,HONDA,SHINE,SELF DRUM&ALLOY,2020,2,PETROL,47964,125,40,20,894,60,954,0,954,,172,1126,ONLINE,,,,111111,11/5/2022,1126,,,,,,,,,,,0
2022,22-Nov,AS3766,5/11/2022,SURAT,JC,JC29A,0,JAY SURESHBHAI KUKADIYA,Bajaj Allianz General Insurance Company Limited,PRIVATE,GENERAL INSURANCE,AGENCY,22060022 - RISHAD BHIMANI,SURAT,MOTOR,TWO WHEELER,ADD-ON,,R,,,,ONE,,,,,,GJ05FY6749,D0213711,D060498,HONDA,CB SHINE,DISC BS VI,2020,2,PETROL,59924,125,40,25,801,41,842,0,842,,152,993,ONLINE,,,,111111,11/5/2022,993,,,,,,,,OG-22-2203-1871-00002938,,,0
2022,22-Nov,AS3767,5/11/2022,SURAT,LR,LR09A,0,KAVITA S MORE,Bajaj Allianz General Insurance Company Limited,PRIVATE,GENERAL INSURANCE,AGENCY,22060022 - RISHAD BHIMANI,SURAT,MOTOR,TWO WHEELER,ADD-ON,,R,,,,ONE,,,,,,GJ05SZ3197,JF92ED0001296,ME4JF921EKD001249,HONDA,ACTIVA,5G DLX,2019,2,PETROL,35700,110,40,0,646,40,686,0,686,,123,810,ONLINE,,,,111111,11/5/2022,810,,,,,,,,OG-22-2203-1871-00002166,,,0
2022,22-Nov,AS3768,5/11/2022,SURAT,KK,KK17A,0,HIRAL ANKIT DESAI,Bajaj Allianz General Insurance Company Limited,PRIVATE,GENERAL INSURANCE,AGENCY,22060022 - RISHAD BHIMANI,SURAT,MOTOR,TWO WHEELER,COMPREHENSIVE,,R,,,,ONE,,,,,,GJ05PR2921,M09422,M09835,HERO MOTOCORP,MAESTRO EDGE,SELF START DRUM BRAKE,2018,2,PETROL,32513,110,40,25,599,0,599,1115,1714,,309,2023,ONLINE,,,,111111,11/5/2022,2023,,,,,,,,OG-22-2203-1802-00014663,,,0
2022,22-Nov,AS3769,5/11/2022,SURAT,KK,KK17A,0,ANKIT S DESAI,Bajaj Allianz General Insurance Company Limited,PRIVATE,GENERAL INSURANCE,AGENCY,22060022 - RISHAD BHIMANI,SURAT,MOTOR,TWO WHEELER,COMPREHENSIVE,,R,,,,ONE,,,,,,GJ05FG6896,7320,21729,HERO HONDA,PASSION PLUS,ALLOY KICK DISC,2008,2,PETROL,19597,100,40,50,106,0,106,1185,1291,,232,1523,ONLINE,,,,111111,11/5/2022,1523,,,,,,,,OG-22-2203-1802-00015063,,,0
2022,22-Nov,AS3770,5/11/2022,SURAT,LR,LR35A,0,MANGARAM K SUKHDEV,Go Digit General Insurance Limited,PRIVATE,GENERAL INSURANCE,AGENCY,1114130 - AKASH BHAGWAT,SURAT,MOTOR,TWO WHEELER,COMPREHENSIVE,,R,,,,ONE,,,,,,GJ05NK8565,JC58ET4273517,ME4JC58AEGT273359,HONDA,DREAM YUGA,ELEC ST DRUM BRAKE AWS,2016,2,PETROL,23023,110,40,35,211,0,211,1043,1254,,226,1480,ONLINE,,,,111111,11/5/2022,1480,,,,,,,,D050025459,,,0
2022,22-Nov,AS3771,5/11/2022,SURAT,LR,LR35A,0,SONIYA SUKHDEV,Go Digit General Insurance Limited,PRIVATE,GENERAL INSURANCE,AGENCY,1114130 - AKASH BHAGWAT,SURAT,MOTOR,TWO WHEELER,COMPREHENSIVE,,R,,,,ONE,,,,,,GJ05PE4780,JF50EU5309633,ME4JF507FHU310185,HONDA,ACTIVA,5G STD BSIV,2017,2,PETROL,27123,110,40,25,312,0,312,1114,1426,,257,1683,ONLINE,,,,111111,11/5/2022,1683,,,,,,,,D048778290,,,0
2022,22-Nov,AS3772,5/11/2022,SURAT,LR,LR35A,0,SONIYABEN,Go Digit General Insurance Limited,PRIVATE,GENERAL INSURANCE,AGENCY,1114130 - AKASH BHAGWAT,SURAT,MOTOR,TWO WHEELER,COMPREHENSIVE,,R,,,,ONE,,,,,,GJ05HQ3235,JC44E2088913,ME4JC448EC8977685,HONDA,ACTIVA,STD,2012,2,PETROL,14087,102,40,25,149,0,149,1114,1263,,227,1490,ONLINE,,,,111111,11/5/2022,1490,,,,,,,,D048777813,,,0
2022,22-Nov,AS3773,5/11/2022,SURAT,AN,AN08B,0,ASHOK RAMKISHAN SHARMA,Go Digit General Insurance Limited,PRIVATE,GENERAL INSURANCE,AGENCY,1114130 - AKASH BHAGWAT,SURAT,MOTOR,TWO WHEELER,THIRD PARTY,,R,,,,ONE,,,,,,GJ05LG6167,JC58ET3291783,ME4JC589CET104539,HONDA,DREAM YUGA,ELEC ST DRUM BRAKE AWS,2014,2,PETROL,0,110,0,0,0,0,0,714,714,,129,842,ONLINE,,,,111111,11/5/2022,842,,,,,,,,D048933275,,,0
2022,22-Nov,AS3774,5/11/2022,SURAT,LS,LS04A,0,BHAVIN MAHESHKUMAR PATEL,Go Digit General Insurance Limited,PRIVATE,GENERAL INSURANCE,AGENCY,1114130 - AKASH BHAGWAT,SURAT,MOTOR,TWO WHEELER,THIRD PARTY,,R,,,,ONE,,,,,,GJ05HB1007,JC36E2370429,ME4JC36DEB8126029,HONDA,SHINE,DRUM BSVI,2011,2,PETROL,0,125,0,0,0,0,0,714,714,,129,842,ONLINE,,,,111111,11/5/2022,842,,,,,,,,D048877903,,,0
2022,22-Nov,AS3775,5/11/2022,SURAT,JC,JC43G,0,MANISHKUMAR P AGRAWAL,Bajaj Allianz General Insurance Company Limited,PRIVATE,GENERAL INSURANCE,AGENCY,22060022 - RISHAD BHIMANI,SURAT,MOTOR,TWO WHEELER,ADD-ON,,R,,,,ONE,,,,,,GJ05EV6477,JF50EW0185721,ME4JF50AHKW185688,HONDA,ACTIVA,5G STD,2019,2,PETROL,42075,110,40,35,521,70,591,0,591,,106,697,ONLINE,,,,111111,11/5/2022,697,,,,,,,,OG-22-2203-1871-00002069,,,0
2022,22-Nov,AS3776,5/11/2022,SURAT,ZD,ZD19A,0,MAHESH PRAVINBHAI TAILOR,Go Digit General Insurance Limited,PRIVATE,GENERAL INSURANCE,AGENCY,1114130 - AKASH BHAGWAT,SURAT,MOTOR,TWO WHEELER,THIRD PARTY,,F,,,,ONE,,,,,,GJ05NA1918,PDZCGL41134,MD2A85CZ9GCL46572,BAJAJ,AVENGER,STREET,2016,2,PETROL,0,150,0,0,0,0,0,1043,1043,,188,1231,ONLINE,,,,111111,11/5/2022,1231,,,,,,,,,,,0
2022,22-Nov,AS3777,5/11/2022,SURAT,GT,GT08C,0,PRASHANT P THAKKAR PRATIK THAKKAR AND PARESHKUMAR THAKKAR,ICICI Lombard General Insurance Company Limited,PRIVATE,GENERAL INSURANCE,AGENCY,ILG63176 - TEJAL VIRAL CONTRACTOR,SURAT,SME,FIRE,BHARAT GRIHA RAKSHA,,F,,,,ABOVE 3 YRS,,,,,,,,,,,,,,,4000000,,,,8000,0,8000,3200,11200,,2016,13216,CHEQUE,DWELLINGS,BANK OF BARODA,,24,11/5/2022,13216,,,,,,,,,,,0
2022,22-Nov,AS3778,5/11/2022,SURAT,DB,DB07A,1,BUREAU OF INDIAN STANDARDS,The New India Assurance Company Limited,PRIVATE,GENERAL INSURANCE,AGENCY,NIAAG00038130 - CHAITALI SORATHIA,SURAT,SME,FIRE,BHARAT SOOKSHMA UDYAM SURAKSHA,,F,,,,ONE,,,,,,,,,,,,,,,6985000,,,,1694,0,1694,1607,3301,,594,3895,CHEQUE,OFFICE,UNION BANK OF INDIA,,144715,11/4/2022,3895,,,,,,,,,,,0
2022,22-Nov,AS3779,5/11/2022,SURAT,DB,DB07A,1,BUREAU OF INDIAN STANDARDS,The New India Assurance Company Limited,PRIVATE,GENERAL INSURANCE,AGENCY,NIAAG00038130 - CHAITALI SORATHIA,SURAT,SME,MISCELLANEOUS,BURGLARY,,F,,,,ONE,,,,,,,,,,,,,,,2485000,,,,497,0,497,0,497,,89,586,CHEQUE,BURGLARY,UNION BANK OF INDIA,,144715,11/4/2022,586,,,,,,,,,,,0
2022,22-Nov,AS3780,5/11/2022,SURAT,GT,GT23B,0,JAYANTIBHAI VALLABHBHAI BHIKHADIYA,Liberty General Insurance Limited,PRIVATE,GENERAL INSURANCE,AGENCY,IMD1262675 - DARSHANKUMAR B PATEL,SURAT,MOTOR,PRIVATE CAR,ADD-ON,,R,,,,ONE,,,,,,GJ05JN1323,12421696,4106862,HONDA,CITY,V DIESEL,2015,5,DIESEL,511760,1498,65,20,4801,6129,10930,4091,15021,,2704,17725,CHEQUE,,HDFC BANK,,13,11/2/2022,17725,,,,,,,,AVO/2311/10054628,,,0
2022,22-Nov,AS3781,5/11/2022,SURAT,JC,JC09F,0,PRAGATI P LADHA,Go Digit General Insurance Limited,PRIVATE,GENERAL INSURANCE,AGENCY,1114130 - AKASH BHAGWAT,SURAT,MOTOR,TWO WHEELER,THIRD PARTY,,R,,,,ONE,,,,,,GJ05NH2593,JF50EU3302393,302255,HONDA,ACTIVA 125,DISC BSVI,2016,2,PETROL,0,125,0,0,0,0,0,714,714,,129,842,ONLINE,,,,111111,11/5/2022,842,,,,,,,,D044010383,,,0
2022,22-Nov,AS3782,5/11/2022,SURAT,GT,GT58A,0,RITA VIRENDRABHAI JARIWALA,Bajaj Allianz General Insurance Company Limited,PRIVATE,GENERAL INSURANCE,AGENCY,22060022 - RISHAD BHIMANI,SURAT,MOTOR,TWO WHEELER,ADD-ON,,F,,,,ONE,,,,,,GJ05HY8198,6759077,8813291,SUZUKI,ACCESS,DRUM BRAKE,2021,2,PETROL,68950,125,40,20,496,59,555,0,555,,100,655,ONLINE,,,,111111,11/5/2022,655,,,,,,,,,,,0
2022,22-Nov,AS3783,5/11/2022,SURAT,AN,AN86A,0,LAXMANBHAI VALLABHBHAI KHENI,Go Digit General Insurance Limited,PRIVATE,GENERAL INSURANCE,AGENCY,1114130 - AKASH BHAGWAT,SURAT,MOTOR,TWO WHEELER,THIRD PARTY,,R,,,,ONE,,,,,,GJ05PL5062,JF50EU5646159,ME4JF507KHU646126,HONDA,ACTIVA,4G,2017,2,PETROL,0,110,0,0,0,0,0,1043,1043,,188,1231,ONLINE,,,,111111,11/5/2022,1231,,,,,,,,OG-22-2203-1802-00014240,,,0
2022,22-Nov,AS3784,5/11/2022,SURAT,AN,AN86A,0,JAYESHBHAI J ITALIYA,Go Digit General Insurance Limited,PRIVATE,GENERAL INSURANCE,AGENCY,1114130 - AKASH BHAGWAT,SURAT,MOTOR,TWO WHEELER,THIRD PARTY,,R,,,,ONE,,,,,,GJ05HJ7321,JZUBUG07276,MD2DSJZZZUPG40371,BAJAJ,DISCOVER 125,DRUM CBS,2011,2,PETROL,0,125,0,0,0,0,0,1043,1043,,188,1231,ONLINE,,,,111111,11/5/2022,1231,,,,,,,,OG-22-2203-1802-00014018,,,0
2022,22-Nov,AS3785,5/11/2022,SURAT,SK,SK09A,0,SATISH RAMBHAROSH MISHRA,Go Digit General Insurance Limited,PRIVATE,GENERAL INSURANCE,AGENCY,1114130 - AKASH BHAGWAT,SURAT,MOTOR,TWO WHEELER,THIRD PARTY,,F,,,,ONE,,,,,,GJ05KA9652,GH45069,WCGH15729,HERO HONDA,PASSION PRO,STANDARD,2012,2,PETROL,0,97,0,0,0,0,0,1043,1043,,188,1231,ONLINE,,,,111111,11/5/2022,1231,,,,,,,,,,,0
2022,22-Nov,AS3786,5/11/2022,SURAT,LR,LR24A,0,PRITIBEN DHARMESHBHAI PATEL,Go Digit General Insurance Limited,PRIVATE,GENERAL INSURANCE,AGENCY,1114130 - AKASH BHAGWAT,SURAT,MOTOR,TWO WHEELER,THIRD PARTY,,F,,,,ONE,,,,,,GJ05ME2777,F4862706628,MB8CF4CAAF8536848,SUZUKI,ACCESS 125,DRUM CBS,2015,2,PETROL,0,125,0,0,0,0,0,714,714,,129,842,ONLINE,,,,111111,11/5/2022,842,,,,,,,,,,,0
2022,22-Nov,AS3787,5/11/2022,SURAT,JA,JA80A,0,BIPINCHANDRA C KHOLWADWALA,Tata AIG General Insurance Company Limited,PRIVATE,GENERAL INSURANCE,AGENCY,AIG2125340000 - SORATHIA DEVDEEPKUMAR VINODCHANDRA,SURAT,MOTOR,PRIVATE CAR,COMPREHENSIVE,,R,,,,ONE,,,,,,GJ05BJ5898,445565,365994,TOYOTA,INNOVA,2.5 E 7 STR,2012,7,DIESEL,359406,2494,75,65,1103,0,1103,8567,9670,,1741,11411,CHEQUE,,THE SURAT PEOPLE'S CO-OP BANK LTD,,595209,11/3/2022,11411,,,,,,,,3101607158 00 00,,,0
2022,22-Nov,AS3788,5/11/2022,SURAT,KK,KK17A,0,HIREN GANESHBHAI SARANG,Bajaj Allianz General Insurance Company Limited,PRIVATE,GENERAL INSURANCE,AGENCY,22060022 - RISHAD BHIMANI,SURAT,MOTOR,TWO WHEELER,COMPREHENSIVE,,R,,,,ONE,,,,,,GJ05PH1740,2024151,8006138,HONDA,AVIATOR,DLX BS VI,2017,2,PETROL,27968,110,40,35,451,0,451,714,1165,,210,1375,ONLINE,,,,111111,11/5/2022,1375,,,,,,,,OG-22-2202-1802-00040931,,,0
2022,22-Nov,AS3789,5/11/2022,SURAT,JC,JC31G,0,MUKESHBHAI PARSOTTAMBHAI FINAVIYA,Go Digit General Insurance Limited,PRIVATE,GENERAL INSURANCE,AGENCY,1114130 - AKASH BHAGWAT,SURAT,MOTOR,TWO WHEELER,THIRD PARTY,,F,,,,ONE,,,,,,GJ05FK1186,197722,110990,HONDA,SHINE,DRUM BSVI,2008,2,PETROL,0,125,0,0,0,0,0,714,714,,129,842,ONLINE,,,,111111,11/5/2022,842,,,,,,,,,,,0
2022,22-Nov,AS3790,5/11/2022,SURAT,JC,JC24F,0,VISHAL BHARATBHAI SAVALIYA,Go Digit General Insurance Limited,PRIVATE,GENERAL INSURANCE,AGENCY,1114130 - AKASH BHAGWAT,SURAT,MOTOR,TWO WHEELER,THIRD PARTY,,F,,,,ONE,,,,,,GJ05PR3606,JC65E71379882,ME4JC657AJ7089609,HONDA,CB SHINE,SP DLX,2018,2,PETROL,0,125,0,0,0,0,0,714,714,,129,842,ONLINE,,,,111111,11/5/2022,842,,,,,,,,,,,0
2022,22-Nov,AS3791,5/11/2022,SURAT,LS,LS04A,0,VAIBHAV NATVARLAL SONI,Go Digit General Insurance Limited,PRIVATE,GENERAL INSURANCE,AGENCY,1114130 - AKASH BHAGWAT,SURAT,MOTOR,TWO WHEELER,THIRD PARTY,,R,,,,ONE,,,,,,GJ05PL8034,PDYCHG71493,MD2A85CY2HCG64125,BAJAJ,AVENGER,STREET,2017,2,PETROL,0,150,0,0,0,0,0,1043,1043,,188,1231,ONLINE,,,,111111,11/5/2022,1231,,,,,,,,D009989847,,,0
2022,22-Nov,AS3792,5/11/2022,SURAT,CV,CV10A,1,SURUCHI SILK MILLS,Tata AIG General Insurance Company Limited,PRIVATE,GENERAL INSURANCE,AGENCY,AIG2125340000 - SORATHIA DEVDEEPKUMAR VINODCHANDRA,SURAT,SME,MARINE,OPEN MARINE,,R,,,,ONE,,,,,,,,,,,,,,,10000000,,,,4001,0,4001,0,4001,,720,4721,CHEQUE,OPEN MARINE POLICY,KOTAK MAHINDRA BANK LTD,,1090,11/4/2022,4721,,,,,,,,0865075796 04 00,,,0
2022,22-Nov,AS3793,5/11/2022,SURAT,JC,JC98G,0,POOJA ROMESH TAWARI,Tata AIG General Insurance Company Limited,PRIVATE,GENERAL INSURANCE,AGENCY,AIG2125340000 - SORATHIA DEVDEEPKUMAR VINODCHANDRA,SURAT,MOTOR,PRIVATE CAR,ADD-ON,,R,,,,ONE,,,,,,GJ05RF3463,7371923,298867,MARUTI,SWIFT,VXI AMT,2018,5,PETROL,375450,1197,73,0,3953,4127,8080,3582,11662,,2099,13761,CHEQUE,,AXIS BANK LTD,,262,11/4/2022,13761,,,,,,,,2011?400202?21?1000988?01?000 ,,,0
2022,22-Nov,AS3794,5/11/2022,SURAT,GT,GT65A,1,C G PATWA ANDCOMPANY,Bajaj Allianz General Insurance Company Limited,PRIVATE,GENERAL INSURANCE,AGENCY,22060022 - RISHAD BHIMANI,SURAT,MOTOR,TWO WHEELER,COMPREHENSIVE,,R,,,,ONE,,,,,,GJ05PJ7344,5572719,572694,HONDA,ACTIVA,DLX BS VI,2017,2,PETROL,24350,110,40,35,418,0,418,714,1132,,204,1336,ONLINE,,,,111111,11/5/2022,1336,,,,,,,,OG-22-2203-1802-00014128,,,0
2022,22-Nov,AS3795,5/11/2022,SURAT,JC,JC47A,0,RAMANUGRAH BABA YADAV,ICICI Lombard General Insurance Company Limited,PRIVATE,GENERAL INSURANCE,AGENCY,ILG63176 - TEJAL VIRAL CONTRACTOR,SURAT,MOTOR,PRIVATE CAR,ADD-ON,,R,,,,ONE,,,,,,GJ05RF3460,33956,37771,TATA,NEXON,XMA DIESEL,2018,5,DIESEL,553500,1497,70,45,2914,5305,8219,4091,12310,,2216,14526,ONLINE,,,,111111,11/5/2022,14526,,,,,,,,3001/230796471/00/000,,,0
2022,22-Nov,AS3796,5/11/2022,SURAT,SF,SF49A,0,JIGNESH RAJNIKANT RANDERIA,Tata AIG General Insurance Company Limited,PRIVATE,GENERAL INSURANCE,AGENCY,AIG2125340000 - SORATHIA DEVDEEPKUMAR VINODCHANDRA,SURAT,MOTOR,PRIVATE CAR,ADD-ON,,R,,,,ONE,,,,,,GJ05RB9106,14014024,206002,HONDA,AMAZE,1.5 S AT I-DTEC,2017,5,DIESEL,400950,1498,75,25,2399,3813,6212,4207,10419,,1875,12294,CHEQUE,,THE SURAT PEOPLE'S CO-OP BANK LTD,,415556,11/5/2022,12294,,,,,,,,3101618083 00 00,,,0
2022,22-Nov,AS3797,5/11/2022,SURAT,VV,VV10A,0,PARESHBHAI GOPALBHAI PATEL,Tata AIG General Insurance Company Limited,PRIVATE,GENERAL INSURANCE,AGENCY,AIG2125340000 - SORATHIA DEVDEEPKUMAR VINODCHANDRA,SURAT,MOTOR,PRIVATE CAR,ADD-ON,,R,,,,ONE,,,,,,GJ05RB6614,3014146,4010609,HONDA,WRV,VX MT,2017,5,PETROL,450000,1199,75,20,2871,5886,8757,4207,12964,,2334,15297,CHEQUE,,INDUSIND BANK,,285753,11/2/2022,15297,,,,,,,,3101601631 00 00,,,0
2022,22-Nov,AS3798,5/11/2022,SURAT,JC,JC43G,0,DEVKISHAN M RATHI,Bajaj Allianz General Insurance Company Limited,PRIVATE,GENERAL INSURANCE,AGENCY,22060022 - RISHAD BHIMANI,SURAT,MOTOR,TWO WHEELER,COMPREHENSIVE,,R,,,,ONE,,,,,,GJ05LN7759,JC36E73643440,ME4JC36NHE7055198,HONDA,CB SHINE,KICK DRUM SPOKE-IBS,2014,2,PETROL,20592,125,40,50,118,0,118,714,832,,150,982,ONLINE,,,,111111,11/5/2022,982,,,,,,,,OG-22-2203-1802-00014988,,,0
2022,22-Nov,AS3799,5/11/2022,SURAT,AN,AN52A,0,JITENDRA GULABBHAI PATEL,Liberty General Insurance Limited,PRIVATE,GENERAL INSURANCE,AGENCY,IMD1262675 - DARSHANKUMAR B PATEL,SURAT,MOTOR,PRIVATE CAR,ADD-ON,,R,,,,ONE,,,,,,GJ26N2643,3015252,4011649,HONDA,WRV,VX,2017,5,PETROL,539460,1199,80,50,1721,5355,7076,4091,11167,,2010,13177,CHEQUE,,BANK OF BARODA,,45,11/3/2022,13177,,,,,,,,1387255101,,,0
2022,22-Nov,AS3800,5/11/2022,SURAT,JC,JC09F,0,SUNDARLAL B LADHA,Go Digit General Insurance Limited,PRIVATE,GENERAL INSURANCE,AGENCY,1114130 - AKASH BHAGWAT,SURAT,MOTOR,TWO WHEELER,THIRD PARTY,,R,,,,ONE,,,,,,GJ05HN4255,JZUBUM30181,M00074,BAJAJ,DISCOVER 125,DISC CBS,2012,2,PETROL,0,125,0,0,0,0,0,714,714,,129,842,ONLINE,,,,111111,11/5/2022,842,,,,,,,,D044010387,,,0
2022,22-Nov,AS3801,5/11/2022,SURAT,JC,JC42B,0,VINAY HIRABHAI TEJANI,Future Generali India Insurance Company Limited,PRIVATE,GENERAL INSURANCE,AGENCY,60094756 - SHEFALI RANA,SURAT,MOTOR,PRIVATE CAR,ADD-ON,,R,,,,ONE,,,,,,GJ05RE9884,7333768,222816,MARUTI,BALENO,ZETA 1.2,2018,5,PETROL,394700,1197,75,45,1731,2566,4297,4046,8343,,1502,9845,CHEQUE,,INDIAN BANK,,211938,11/5/2022,9845,,,,,,,,P0022200009/4101/102001,,,0
2022,22-Nov,AS3802,5/11/2022,SURAT,JC,JC43G,0,RAMESHKUMAR SANWARMAL AGARWAL,Future Generali India Insurance Company Limited,PRIVATE,GENERAL INSURANCE,AGENCY,60094756 - SHEFALI RANA,SURAT,MOTOR,PRIVATE CAR,ADD-ON,,F,,,,ONE,,,,,,GJ05RN7116,4257462,773993,MARUTI,BALENO,SIGMA PETROL,2021,5,PETROL,440000,1197,75,20,2808,1760,4568,0,4568,,822,5390,CHEQUE,,ICICI BANK,,929,11/5/2022,5390,,,,,,,,,,,0
2022,22-Nov,AS3803,5/11/2022,SURAT,GT,GT32A,0,CHINTAN KISHORBHAI KAPURIYA,Universal Sompo General Insurance Company Limited,PRIVATE,GENERAL INSURANCE,AGENCY,200041973516 - VIRAL R PATEL,SURAT,HEALTH,MEDICLAIM,COMPLETE HEALTHCARE,FLOATER,R,,,,ONE,,,,,,,,,,,,,,,400000,,,,8070,0,8070,0,8070,,1453,9523,ONLINE,,,,111111,11/5/2022,9523,,,,,,,,2825/57773405/04/000,,3/29/1995,28
2022,22-Nov,AS3804,5/11/2022,SURAT,GT,GT32A,0,KISHORBHAI GHELABHAI KAPURIYA,Universal Sompo General Insurance Company Limited,PRIVATE,GENERAL INSURANCE,AGENCY,200041973516 - VIRAL R PATEL,SURAT,HEALTH,MEDICLAIM,COMPLETE HEALTHCARE,FLOATER,R,,,,ONE,,,,,,,,,,,,,,,400000,,,,22720,0,22720,0,22720,,4090,26810,ONLINE,,,,111111,11/5/2022,26810,,,,,,,,2825/57771668/04/000,,3/15/1966,57
2022,22-Nov,AS3805,5/11/2022,SURAT,JA,JA42A,0,MAYANK JIGNESHKUMAR BEKAWALA,Reliance General Insurance Company Limited,PRIVATE,GENERAL INSURANCE,AGENCY,16A01472 - SHAILESH B TRIVEDI,SURAT,MOTOR,PRIVATE CAR,COMPREHENSIVE,,F,,,,ONE,,,,,,GJ05RN5628,35700,11673,VOLKSWAGEN,POLO,1.0 GT TSI 8 1 KW,2021,5,PETROL,855000,999,70,20,6236,4875,11111,0,11111,,2000,13111,CHEQUE,,BANK OF BARODA,,80,11/5/2022,13111,,,,,,,,,,,0
2022,22-Nov,AS3806,5/11/2022,SURAT,JC,JC09F,0,PANNALAL B LADHA,Go Digit General Insurance Limited,PRIVATE,GENERAL INSURANCE,AGENCY,1114130 - AKASH BHAGWAT,SURAT,MOTOR,TWO WHEELER,THIRD PARTY,,R,,,,ONE,,,,,,GJ05HE3190,JC36E2463647,302920,HONDA,SHINE,DRUM BSVI,2011,2,PETROL,0,125,0,0,0,0,0,714,714,,129,842,ONLINE,,,,111111,11/5/2022,842,,,,,,,,D044010386,,,0
2022,22-Nov,UJ5560,5/11/2022,SURAT,GT,GT77A,0,ASHVINBHAI BALUBHAI VEKARIYA,Go Digit General Insurance Limited,Private,General Insurance,AGENCY,1114130 - AKASH BHAGWAT,Surat,MOTOR,PRIVATE CAR,THIRD PARTY,,R,,,,ONE,,,,,,GJ05CJ1363,G4HG7M219419,MALAA51HR7M176220,HYUNDAI,SANTRO,1.1 MAGNA,2007,5,CNG,0,1086,0,0,0,0,0,4106,4106,,739,4845,ONLINE,,,,111111,11/5/2022,4845,,,,,,,,D048462925,,,0
2022,22-Nov,UJ5561,5/11/2022,SURAT,JC,JC53G,1,DHRUV CREATION,Tata AIG General Insurance Company Limited,Private,General Insurance,AGENCY,AIG2125340000 - SORATHIA DEVDEEPKUMAR VINODCHANDRA,Surat,SME,MARINE,SPECIFIC MARINE - DOMESTIC / EXPORT / IMPORT,,F,,,,SHORT PERIOD,,,,,,,,,,,,,,,6665274,,,,2333,0,2333,0,2333,,420,2753,ONLINE,MARINE,,,111111,11/5/2022,2753,,,,,,,,,,,0
2022,22-Nov,UJ5562,5/11/2022,SURAT,JC,JC53G,1,SHREE RAM FASHION,Tata AIG General Insurance Company Limited,Private,General Insurance,AGENCY,AIG2125340000 - SORATHIA DEVDEEPKUMAR VINODCHANDRA,Surat,SME,MARINE,SPECIFIC MARINE - DOMESTIC / EXPORT / IMPORT,,F,,,,SHORT PERIOD,,,,,,,,,,,,,,,27567936,,,,9649,0,9649,0,9649,,1737,11386,ONLINE,MARINE,,,111111,11/5/2022,11386,,,,,,,,,,,0
2022,22-Nov,UJ5563,5/11/2022,SURAT,JC,JC53G,1,DHRUV CREATION,Tata AIG General Insurance Company Limited,Private,General Insurance,AGENCY,AIG2125340000 - SORATHIA DEVDEEPKUMAR VINODCHANDRA,Surat,SME,MARINE,SPECIFIC MARINE - DOMESTIC / EXPORT / IMPORT,,F,,,,SHORT PERIOD,,,,,,,,,,,,,,,15869700,,,,5555,0,5555,0,5555,,1000,6555,ONLINE,MARINE,,,111111,11/5/2022,6555,,,,,,,,,,,0
2022,22-Nov,UJ5564,5/11/2022,SURAT,JC,JC53G,1,GRISHA WEAVES,Tata AIG General Insurance Company Limited,Private,General Insurance,AGENCY,AIG2125340000 - SORATHIA DEVDEEPKUMAR VINODCHANDRA,Surat,SME,MARINE,SPECIFIC MARINE - DOMESTIC / EXPORT / IMPORT,,F,,,,SHORT PERIOD,,,,,,,,,,,,,,,6665274,,,,2333,0,2333,0,2333,,420,2753,ONLINE,MARINE,,,111111,11/5/2022,2753,,,,,,,,,,,0
2022,22-Nov,UJ5565,5/11/2022,SURAT,JC,JC53G,1,SHREE RAM FASHION,Tata AIG General Insurance Company Limited,Private,General Insurance,AGENCY,AIG2125340000 - SORATHIA DEVDEEPKUMAR VINODCHANDRA,Surat,SME,MARINE,SPECIFIC MARINE - DOMESTIC / EXPORT / IMPORT,,F,,,,SHORT PERIOD,,,,,,,,,,,,,,,17048592,,,,5968,0,5968,0,5968,,1074,7042,ONLINE,MARINE,,,111111,11/5/2022,7042,,,,,,,,,,,0
2022,22-Nov,UJ5566,5/11/2022,SURAT,JC,JC53G,1,GRISHA WEAVES,Tata AIG General Insurance Company Limited,Private,General Insurance,AGENCY,AIG2125340000 - SORATHIA DEVDEEPKUMAR VINODCHANDRA,Surat,SME,MARINE,SPECIFIC MARINE - DOMESTIC / EXPORT / IMPORT,,F,,,,SHORT PERIOD,,,,,,,,,,,,,,,15869700,,,,5555,0,5555,0,5555,,1000,6555,ONLINE,MARINE,,,111111,11/5/2022,6555,,,,,,,,,,,0
2022,22-Nov,UJ5567,5/11/2022,SURAT,TC,TC27A,0,KAMLESHKUMAR J MISTRY,Tata AIG General Insurance Company Limited,Private,General Insurance,AGENCY,AIG2125340000 - SORATHIA DEVDEEPKUMAR VINODCHANDRA,Surat,MOTOR,PRIVATE CAR,COMPREHENSIVE,,R,,,,ONE,,,,,,GJ15CB3412,G4HGDM622061,MALAA51HLDM789773,HYUNDAI,SANTRO,GLS,2013,5,PETROL,139316,1086,75,20,1097,0,1097,4151,5248,,945,6193,ONLINE,,,,111111,11/5/2022,6193,,,,,,,,3101615923 00 00,,,0
2022,22-Nov,UJ5568,5/11/2022,SURAT,GT,GT38A,0,JIGNESHBHAI C SANGHANI,Royal Sundaram General Insurance Company Limited,Private,General Insurance,AGENCY,OA510282 - PREETI GUPTA,Surat,MOTOR,PRIVATE CAR,ADD-ON,,R,,,,ONE,,,,,,GJ03FK6828,51511972432,724370,MARUTI,SWIFT,VDI,2014,5,DIESEL,213030,1248,30,50,2285,2927,5212,4031,9243,,1664,10907,CHEQUE,,ADARSH CO-OP BANK LTD,,410127,11/2/2022,10907,,,,,,,,VPC1543202000100,,,0
2022,22-Nov,UJ5569,5/11/2022,SURAT,GP,GP05A,0,MAHESHKUMAR R BINGI,Magma HDI General Insurance Company Limited,Private,General Insurance,AGENCY,AGD0004133 - VINAY SURTI,Surat,MOTOR,PRIVATE CAR,COMPREHENSIVE,,F,,,,ONE,,,,,,GJ05RF2451,4478749,591022,MARUTI,BALENO,ALPHA 1.2,2018,5,PETROL,397000,1197,80,25,6041,0,6041,4066,10107,,1819,11926,CHEQUE,,KALUPUR BANK,,70499,11/3/2022,11926,,,,,,,,,,,0
2022,22-Nov,UJ5570,5/11/2022,SURAT,LO,LO01A,0,PARAS BASANTILAL NAHAR,Tata AIG General Insurance Company Limited,Private,General Insurance,AGENCY,AIG2125340000 - SORATHIA DEVDEEPKUMAR VINODCHANDRA,Surat,MOTOR,PRIVATE CAR,COMPREHENSIVE,,R,,,,ONE,,,,,,GJ05JH2155,N15A11129514,MAKGM85CGEN009612,HONDA,CITY,SEDAN,2014,5,DIESEL,351142,1498,67,0,3884,0,3884,4091,7975,,1436,9410,ONLINE,,,,111111,11/5/2022,9410,,,,,,,,3101618972 00 00,,,0
2022,22-Nov,UJ5571,5/11/2022,SURAT,TF,TF03A,0,CHANDAN P MITTAL,The New India Assurance Company Limited,PSU,General Insurance,AGENCY,NIAAG00038130 - CHAITALI SORATHIA,Surat,HEALTH,MEDICLAIM,MEDICLAIM POLICY,INDIVIDUAL,R,,,,ONE,,,,,,,,,,,,,,,200000,,,,3864,0,3864,0,3864,,696,4559,ONLINE,,,,111111,11/5/2022,4559,,,,,,,,2.301E+19,,9/30/1993,29
2022,22-Nov,UJ5572,5/11/2022,SURAT,JC,JC09F,0,SUNITA C JOSHI,Go Digit General Insurance Limited,Private,General Insurance,AGENCY,1114130 - AKASH BHAGWAT,Surat,MOTOR,PRIVATE CAR,THIRD PARTY,,R,,,,ONE,,,,,,GJ05CS9208,BM033305,CM039740,HYUNDAI,EON,0.8L ERA PLUS,2012,5,CNG,0,814,0,0,0,0,0,2154,2154,,388,2542,ONLINE,,,,111111,11/5/2022,2542,,,,,,,,D041447255,,,0
2022,22-Nov,UJ5573,5/11/2022,SURAT,LS,LS05A,0,CHAMPAKLAL K RANA,The Oriental Insurance Company Limited,PSU,General Insurance,AGENCY,BA0000124207 - SONALIKA S TRIVEDI,Surat,HEALTH,MEDICLAIM,HAPPY FAMILY FLOATER,FLOATER,R,,,,ONE,,,,,,,,,,,,,,,200000,,,,21534,0,21534,0,21534,,3876,25410,CHEQUE,,IDBI BANK,,905900,11/1/2022,25410,,,,,,,,171600/48/2022/10541,,9/22/1959,63
2022,22-Nov,UJ5574,5/11/2022,SURAT,JC,JC65B,1,ASHISH RAMESHCHANDRA PATEL,Tata AIG General Insurance Company Limited,Private,General Insurance,AGENCY,AIG2125340000 - SORATHIA DEVDEEPKUMAR VINODCHANDRA,Surat,MOTOR,PRIVATE CAR,ADD-ON,,F,,,,ONE,,,,,,GJ05RC4292,K12MN7145416,MBHEWB22SHK171917,MARUTI,BALENO,SIGMA 1.2,2017,5,PETROL,299561,1197,75,50,1195,4768,5963,4207,10170,,1831,12001,ONLINE,,,,111111,11/5/2022,12001,,,,,,,,,,,0
2022,22-Nov,UJ5575,5/11/2022,SURAT,JC,JC75C,0,Abhishek Vinodbhai Sanghvi,Liberty General Insurance Limited,Private,General Insurance,AGENCY,IMD1262675 - DARSHANKUMAR B PATEL,Surat,HEALTH,MEDICLAIM,HEALTH E CONNECT,FLOATER,R,,,,ONE,,,,,,,,,,,,,,,10000000,,,,1535,0,1535,0,1535,,276,1811,ONLINE,,,,111111,11/5/2022,1811,,,,,,,,4216-400202-21-7010672-03-000,,5/4/1981,42
2022,22-Nov,UJ5576,5/11/2022,SURAT,CF,CF09A,0,KAMLESHBHAI H ANTALIYA,Tata AIG General Insurance Company Limited,Private,General Insurance,AGENCY,AIG2125340000 - SORATHIA DEVDEEPKUMAR VINODCHANDRA,Surat,MOTOR,PRIVATE CAR,ADD-ON,,R,,,,ONE,,,,,,GJ05JN2198,2705559,104058,MARUTI,BALENO,ZETA 1.3,2015,5,DIESEL,315387,1248,65,45,2034,4333,6367,4207,10574,,1903,12477,CHEQUE,,KOTAK,,412,10/30/2022,12477,,,,,,,,3100074948 02 00,,,0
2022,22-Nov,UJ5577,5/11/2022,SURAT,AN,AN08B,0,Vallabhbhai Mohanbhai Trada,Tata AIG General Insurance Company Limited,Private,General Insurance,AGENCY,AIG2125340000 - SORATHIA DEVDEEPKUMAR VINODCHANDRA,Surat,HEALTH,MEDICLAIM,MEDICARE,FLOATER,R,,,,ONE,,,,,,,,,,,,,,,300000,,,,30258,0,30258,0,30258,,5446,35704,ONLINE,,,,111111,11/5/2022,35704,,,,,,,,238701341,,11/6/1960,62
2022,22-Nov,UJ5578,5/11/2022,SURAT,GT,GT30A,0,Denishkumar K Maniya,Liberty General Insurance Limited,Private,General Insurance,AGENCY,IMD1262675 - DARSHANKUMAR B PATEL,Surat,HEALTH,MEDICLAIM,HEALTH E CONNECT,INDIVIDUAL,F,,,,ONE,,,,,,,,,,,,,,,300000,,,,2965,0,2965,0,2965,,534,3499,ONLINE,,,,111111,11/5/2022,3499,,,,,,,,,,7/3/2000,22
2022,22-Nov,UJ5579,5/11/2022,SURAT,GT,GT30A,0,Denishkumar K Maniya,Liberty General Insurance Limited,Private,General Insurance,AGENCY,IMD1262675 - DARSHANKUMAR B PATEL,Surat,HEALTH,MEDICLAIM,HEALTH CONNECT SUPRA,INDIVIDUAL,F,,,,ONE,,,,,,,,,,,,,,,700000,,,,1311,0,1311,0,1311,,236,1547,ONLINE,,,,111111,11/5/2022,1547,,,,,,,,,,7/3/2000,22
2022,22-Nov,UJ5580,5/11/2022,SURAT,TF,TF17A,0,ROMIL BHARATKUMAR VANAWALA,Tata AIG General Insurance Company Limited,Private,General Insurance,AGENCY,AIG2125340000 - SORATHIA DEVDEEPKUMAR VINODCHANDRA,Surat,HEALTH,TRAVEL,Travel Guard Platinum,INDIVIDUAL,F,,,,SHORT PERIOD,,,,,,,,,,,,,,,500000,,,,2885,0,2885,0,2885,,519,3404,ONLINE,,,,111111,11/5/2022,3404,,,,,,,,,,2/8/1980,43
2022,22-Nov,UJ5581,5/11/2022,SURAT,ZD,ZD02A,0,KEYURBHAI PRAVINBHAI PATEL,Bajaj Allianz General Insurance Company Limited,Private,General Insurance,AGENCY,22060022 - RISHAD BHIMANI,Surat,MOTOR,PRIVATE CAR,COMPREHENSIVE,,F,,,,ONE,,,,,,GJ21AQ0514,K10BN1797201,MA3ETDE1S0015,MARUTI,CELERIO,VXI,2014,5,PETROL,175814,998,47,0,6493,0,6493,2725,9218,,1659,10877,ONLINE,,,,111111,11/5/2022,10877,,,,,,,,,,,0
2022,22-Nov,UJ5582,5/11/2022,SURAT,GP,GP06A,0,PRITI KIRITKUMAR THAKAR,Tata AIG General Insurance Company Limited,Private,General Insurance,AGENCY,AIG2125340000 - SORATHIA DEVDEEPKUMAR VINODCHANDRA,Surat,MOTOR,PRIVATE CAR,ADD-ON,,R,,,,ONE,,,,,,GJ05JL4408,K10BN4736859,MA3EWDE1S00855646,MARUTI,WAGON R,1.0 LXI,2015,5,PETROL,174150,998,75,25,1042,2697,3739,2885,6624,,1192,7816,ONLINE,,,,111111,11/5/2022,7816,,,,,,,,3100716431 01 00,,,0
2022,22-Nov,UJ5583,5/11/2022,SURAT,AN,AN34A,0,RAMNIKLAL P PAGHDAL,Tata AIG General Insurance Company Limited,Private,General Insurance,AGENCY,AIG2125340000 - SORATHIA DEVDEEPKUMAR VINODCHANDRA,Surat,MOTOR,PRIVATE CAR,COMPREHENSIVE,,R,,,,ONE,,,,,,GJ05JB4846,482201,76897,HYUNDAI,SANTRO,GL,2012,5,PETROL,121363,1086,75,50,652,0,652,4151,4803,,865,5667,ONLINE,,,,111111,11/5/2022,5667,,,,,,,,0158921414 03 00,,,0
2022,22-Nov,UJ5584,5/11/2022,SURAT,JB,JB08A,0,DAYAKORBEN NARESHBHAI PATEL,Tata AIG General Insurance Company Limited,Private,General Insurance,AGENCY,AIG2125340000 - SORATHIA DEVDEEPKUMAR VINODCHANDRA,Surat,MOTOR,PRIVATE CAR,COMPREHENSIVE,,R,,,,ONE,,,,,,GJ05JH5405,4703950,755174,MARUTI,WAGON R,VXI,2014,5,PETROL,173138,998,75,50,690,0,690,2769,3459,,623,4082,ONLINE,,,,111111,11/5/2022,4082,,,,,,,,3100101377 02 00,,,0
2022,22-Nov,UJ5585,5/11/2022,SURAT,JB,JB08A,0,RAJIVKUMAR BHALCHANDRA PANDYA,Tata AIG General Insurance Company Limited,Private,General Insurance,AGENCY,AIG2125340000 - SORATHIA DEVDEEPKUMAR VINODCHANDRA,Surat,MOTOR,PRIVATE CAR,ADD-ON,,R,,,,ONE,,,,,,GJ05JN8558,HHF4K22639,MA1YU2HHUF6K13412,MAHINDRA & MAHINDRA,XUV 500,W6,2015,5,DIESEL,587144,2179,75,50,2576,6650,9226,8788,18014,,3243,21256,ONLINE,,,,111111,11/5/2022,21256,,,,,,,,3101597576 00 00,,,0
2022,22-Nov,UJ5586,5/11/2022,SURAT,LR,LR18A,0,SURESHBHAI BHAVANBHAI KANANI,Go Digit General Insurance Limited,Private,General Insurance,AGENCY,1114130 - AKASH BHAGWAT,Surat,MOTOR,PRIVATE CAR,THIRD PARTY,,R,,,,ONE,,,,,,GJ05CD5280,69722,MALAC514R4M575524,HYUNDAI,SANTRO,1.1 MAGNA CNG,2005,5,CNG,0,1086,0,0,0,0,0,3476,3476,,626,4102,ONLINE,,,,111111,11/5/2022,4102,,,,,,,,D049043695,,,0
2022,22-Nov,UJ5587,5/11/2022,SURAT,JC,JC31G,0,JITENDRABHAI JINABHAI MAKWANA,Reliance General Insurance Company Limited,Private,General Insurance,AGENCY,16A01472 - SHAILESH B TRIVEDI,Surat,MOTOR,PRIVATE CAR,THIRD PARTY,,F,,,,ONE,,,,,,GJ05JL6478,D13A2590999,MA3FHEB1S00890209,MARUTI SUZUKI,SWIFT,VDI,2015,5,DIESEL,0,1248,0,0,0,0,0,3791,3791,,682,4473,ONLINE,,,,111111,11/5/2022,4473,,,,,,,,,,,0
2022,22-Nov,UJ5588,5/11/2022,SURAT,GT,GT14A,0,DIPAKBHAI DAYABHAI BUHA,Royal Sundaram General Insurance Company Limited,Private,General Insurance,AGENCY,OA510282 - PREETI GUPTA,Surat,MOTOR,PRIVATE CAR,ADD-ON,,R,,,,ONE,,,,,,GJ05RB4641,D3FBHM345186,MALA741ELHM262310,HYUNDAI,XCENT,PLUS CRDI,2017,5,DIESEL,346632,1186,20,0,9293,4393,13686,4031,17717,,3189,20906,ONLINE,,,,111111,11/5/2022,20906,,,,,,,,VPC1391325000101,,,0
2022,22-Nov,UJ5589,5/11/2022,SURAT,JA,JA60A,0,Padmaben Gohil,Liberty General Insurance Limited,Private,General Insurance,AGENCY,IMD1262675 - DARSHANKUMAR B PATEL,Surat,HEALTH,MEDICLAIM,HEALTH E CONNECT,INDIVIDUAL,R,,,,ONE,,,,,,,,,,,,,,,300000,,,,2965,0,2965,0,2965,,534,3499,ONLINE,,,,111111,11/5/2022,3499,,,,,,,,4212-400202-21-7003356-00-000,,5/28/1996,27
2022,22-Nov,UJ5590,5/11/2022,SURAT,GT,GT23A,0,Daxesh Harilal Nakrani,Liberty General Insurance Limited,Private,General Insurance,AGENCY,IMD1262675 - DARSHANKUMAR B PATEL,Surat,HEALTH,MEDICLAIM,HEALTH CONNECT SUPRA,FLOATER,R,,,,ONE,,,,,,,,,,,,,,,10000000,,,,1757,0,1757,0,1757,,316,2073,ONLINE,,,,111111,11/5/2022,2073,,,,,,,,4216-400202-21-7010593-02-000,,1/1/1976,47
2022,22-Nov,UJ5591,5/11/2022,SURAT,LO,LO01A,0,JYOTI HITENDRA SHAH,Tata AIG General Insurance Company Limited,Private,General Insurance,AGENCY,AIG2125340000 - SORATHIA DEVDEEPKUMAR VINODCHANDRA,Surat,MOTOR,PRIVATE CAR,ADD-ON,,R,,,,ONE,,,,,,GJ05RG7980,N15A15040057,MAKGL274JJ4034772,HONDA,WRV,VX,2018,5,DIESEL,650268,1498,75,45,2853,7312,10165,4207,14372,,2587,16959,ONLINE,,,,111111,11/5/2022,16959,,,,,,,,3101611852 00 00,,,0
2022,22-Nov,UJ5592,5/11/2022,SURAT,GT,GT56A,0,SHOBHANABEN NITINBHAI KIKANI,ICICI Lombard General Insurance Company Limited,Private,General Insurance,AGENCY,ILG63176 - TEJAL TAILOR,Surat,SME,FIRE,BHARAT SOOKSHMA UDYAM SURAKSHA,,F,,,,ONE,,,,,,,,,,,,,,,2407715,,,,2099,0,2099,554,2653,,478,3131,ONLINE,Weaving Mills,,,111111,11/5/2022,3131,,,,,,,,,,,0
2022,22-Nov,UJ5593,5/11/2022,SURAT,GT,GT56A,0,SHILPABEN HITESHBHAI KIKANI,ICICI Lombard General Insurance Company Limited,Private,General Insurance,AGENCY,ILG63176 - TEJAL TAILOR,Surat,SME,FIRE,BHARAT SOOKSHMA UDYAM SURAKSHA,,F,,,,ONE,,,,,,,,,,,,,,,2407715,,,,2099,0,2099,554,2653,,478,3131,ONLINE,Weaving Mills,,,111111,11/5/2022,3131,,,,,,,,,,,0
2022,22-Nov,UJ5594,5/11/2022,SURAT,JC,JC18D,0,FREYA HIREN DESAI,Tata AIG General Insurance Company Limited,Private,General Insurance,AGENCY,AIG2125340000 - SORATHIA DEVDEEPKUMAR VINODCHANDRA,Surat,HEALTH,TRAVEL,Travel Guard Platinum,INDIVIDUAL,F,,,,SHORT PERIOD,,,,,,,,,,,,,,,500000,,,,1985,0,1985,0,1985,,357,2342,ONLINE,,,,111111,11/5/2022,2342,,,,,,,,,,6/20/1997,25
2022,22-Nov,UJ5595,5/11/2022,SURAT,AN,AN01A,1,DIESEL WORLD PVT LTD,Go Digit General Insurance Limited,Private,General Insurance,AGENCY,1114130 - AKASH BHAGWAT,Surat,SME,FIRE,Bharat Laghu Udyam Surksha,,F,,,,ONE,,,,,,,,,,,,,,,3000000,,,,31233,0,31233,19412,50645,,9116,59761,ONLINE,"Engineering Workshop - Pipe Extruding, Stamping, Pressing, Forging Mills, Metal Smelting, Foundries, Galvanising Work",,,111111,11/5/2022,59761,,,,,,,,,,,0
2022,22-Nov,UJ5596,5/11/2022,SURAT,JA,JA07A,1,SILKSTAR INDUSTRIES PRIVATE LIMITED,Tata AIG General Insurance Company Limited,Private,General Insurance,AGENCY,AIG2125340000 - SORATHIA DEVDEEPKUMAR VINODCHANDRA,Surat,SME,MARINE,SPECIFIC MARINE - DOMESTIC / EXPORT / IMPORT,,F,,,,SHORT PERIOD,,,,,,,,,,,,,,,21495289,,,,7524,0,7524,0,7524,,1354,8878,ONLINE,MARINE,,,111111,11/5/2022,8878,,,,,,,,,,,0
